{"train_loss":1.362554669380188,"train_accuracy":0.5154897186147186,"valid_loss":0.021382268518209457,"valid_accuracies":0.5049,"_wandb":{"runtime":106},"_timestamp":1.727097960737622e+09,"_runtime":106.785341668,"_step":7500}