{"valid_accuracies":0.5091,"_timestamp":1.727095452057195e+09,"_runtime":97.072509958,"_step":7500,"_wandb":{"runtime":97},"train_loss":1.358503818511963,"train_accuracy":0.5085227272727273,"valid_loss":0.021133309230208397}