{"valid_loss":0.03597406670451164,"valid_accuracies":0.0999,"_timestamp":1.7270972115741818e+09,"_wandb":{"runtime":78},"_runtime":78.235300831,"_step":4500,"train_loss":2.3057680130004883,"train_accuracy":0.09978125}