{"_wandb":{"runtime":443},"valid_loss":0.01800413243472576,"valid_accuracies":0.5992,"_timestamp":1.727097070879091e+09,"_runtime":443.072039,"_step":23000,"train_loss":0.981618344783783,"train_accuracy":0.6546486801242236}